diagnostic_context,method,mitigation,reps,shots_per_circuit,physical_shots_total,circuits,accepted_shots,acceptance,obs_exact,obs_estimate,abs_err_vs_exact,standard_error,qpu_shots_needed_for_target_se,simulator_runtime_sec,time,seed,noise_label,observable,z1_exact,z0z1_exact,p1,p2,p_ro,noise_scale,z1_estimate,z0z1_estimate,mpf_shots_needed_per_circuit,mpf_coeff_low,mpf_coeff_high,obs_low_reps_raw,obs_high_reps_raw,obs_low_reps_postselected,obs_high_reps_postselected,acceptance_low_reps,acceptance_high_reps,rel_error_improvement_vs_raw_baseline,qpu_ready_candidate,qpu_readiness_reason
noise_threshold,baseline_ST2_k2_raw,none,2,8192,8192,1,8192.0,1.0,0.6845639601747561,0.781982421875,0.09741846170024393,0.006886562470561845,972,0.023097625002264977,1.0,2026,heron_prior_scale_0,Z0,0.9912671465636668,0.6758311067384228,0.0,0.0,0.0,0.0,0.99365234375,0.775634765625,,,,,,,,,,0.0,False,baseline/control
noise_threshold,baseline_ST2_k3_raw_control,none_control,3,8192,8192,1,8192.0,1.0,0.6845639601747561,0.72900390625,0.04443994607524393,0.007562833352933819,1172,0.023097625002264977,1.0,2026,heron_prior_scale_0,Z0,0.9912671465636668,0.6758311067384228,0.0,0.0,0.0,0.0,0.99365234375,0.72265625,,,,,,,,,,0.5438241858921423,False,baseline/control
noise_threshold,postselection_ST2_k2_weight1,postselection,2,8192,8192,1,8192.0,1.0,0.6845639601747561,0.781982421875,0.09741846170024393,0.006886562470561845,972,0.023097625002264977,1.0,2026,heron_prior_scale_0,Z0,0.9912671465636668,0.6758311067384228,0.0,0.0,0.0,0.0,0.99365234375,0.775634765625,,,,,,,,,,0.0,False,relative error improvement 0.000 < 0.100
noise_threshold,MPF23_raw,MPF,"2,3",8192,16384,2,16384.0,1.0,0.6845639601747561,0.68662109375,0.0020571335752439524,0.014685650406896275,8834,0.023097625002264977,1.0,2026,heron_prior_scale_0,Z0,0.9912671465636668,0.6758311067384228,0.0,0.0,0.0,0.0,0.99365234375,0.6802734374999999,4417.0,-0.8,1.8,0.781982421875,0.72900390625,,,,,0.9788835346058559,True,ready
noise_threshold,MPF23_postselected,MPF_postselected,"2,3",8192,16384,2,16384.0,1.0,0.6845639601747561,0.68662109375,0.0020571335752439524,0.014685650406896275,8834,0.023097625002264977,1.0,2026,heron_prior_scale_0,Z0,0.9912671465636668,0.6758311067384228,0.0,0.0,0.0,0.0,0.99365234375,0.6802734374999999,4417.0,-0.8,1.8,,,0.781982421875,0.72900390625,1.0,1.0,0.9788835346058559,True,ready
noise_threshold,baseline_ST2_k2_raw,none,2,8192,8192,1,8192.0,1.0,0.6845639601747561,0.78759765625,0.10303369607524393,0.006808000340512213,950,0.023921749991131946,1.0,2027,heron_prior_scale_0,Z0,0.9912671465636668,0.6758311067384228,0.0,0.0,0.0,0.0,0.99169921875,0.779296875,,,,,,,,,,0.0,False,baseline/control
noise_threshold,baseline_ST2_k3_raw_control,none_control,3,8192,8192,1,8192.0,1.0,0.6845639601747561,0.7294921875,0.04492822732524393,0.007557083775020225,1170,0.023921749991131946,1.0,2027,heron_prior_scale_0,Z0,0.9912671465636668,0.6758311067384228,0.0,0.0,0.0,0.0,0.992919921875,0.722412109375,,,,,,,,,,0.5639462715922223,False,baseline/control
noise_threshold,postselection_ST2_k2_weight1,postselection,2,8192,8192,1,8192.0,1.0,0.6845639601747561,0.78759765625,0.10303369607524393,0.006808000340512213,950,0.023921749991131946,1.0,2027,heron_prior_scale_0,Z0,0.9912671465636668,0.6758311067384228,0.0,0.0,0.0,0.0,0.99169921875,0.779296875,,,,,,,,,,0.0,False,relative error improvement 0.000 < 0.100
noise_threshold,MPF23_raw,MPF,"2,3",8192,16384,2,16384.0,1.0,0.6845639601747561,0.6830078125000001,0.001556147674755981,0.014652580152286107,8796,0.023921749991131946,1.0,2027,heron_prior_scale_0,Z0,0.9912671465636668,0.6758311067384228,0.0,0.0,0.0,0.0,0.993896484375,0.6769042968749999,4398.0,-0.8,1.8,0.78759765625,0.7294921875,,,,,0.9848967111340008,True,ready
noise_threshold,MPF23_postselected,MPF_postselected,"2,3",8192,16384,2,16384.0,1.0,0.6845639601747561,0.6830078125000001,0.001556147674755981,0.014652580152286107,8796,0.023921749991131946,1.0,2027,heron_prior_scale_0,Z0,0.9912671465636668,0.6758311067384228,0.0,0.0,0.0,0.0,0.993896484375,0.6769042968749999,4398.0,-0.8,1.8,,,0.78759765625,0.7294921875,1.0,1.0,0.9848967111340008,True,ready
noise_threshold,baseline_ST2_k2_raw,none,2,8192,8192,1,8192.0,1.0,0.6845639601747561,0.776611328125,0.09204736795024393,0.006960361797776585,993,0.023705458996118978,1.0,2028,heron_prior_scale_0,Z0,0.9912671465636668,0.6758311067384228,0.0,0.0,0.0,0.0,0.99365234375,0.770263671875,,,,,,,,,,0.0,False,baseline/control
noise_threshold,baseline_ST2_k3_raw_control,none_control,3,8192,8192,1,8192.0,1.0,0.6845639601747561,0.718505859375,0.03394189920024393,0.0076844929494477,1210,0.023705458996118978,1.0,2028,heron_prior_scale_0,Z0,0.9912671465636668,0.6758311067384228,0.0,0.0,0.0,0.0,0.991943359375,0.71044921875,,,,,,,,,,0.6312561678179525,False,baseline/control
noise_threshold,postselection_ST2_k2_weight1,postselection,2,8192,8192,1,8192.0,1.0,0.6845639601747561,0.776611328125,0.09204736795024393,0.006960361797776585,993,0.023705458996118978,1.0,2028,heron_prior_scale_0,Z0,0.9912671465636668,0.6758311067384228,0.0,0.0,0.0,0.0,0.99365234375,0.770263671875,,,,,,,,,,0.0,False,relative error improvement 0.000 < 0.100
noise_threshold,MPF23_raw,MPF,"2,3",8192,16384,2,16384.0,1.0,0.6845639601747561,0.6720214843750001,0.012542475799755981,0.014910817770724968,9108,0.023705458996118978,1.0,2028,heron_prior_scale_0,Z0,0.9912671465636668,0.6758311067384228,0.0,0.0,0.0,0.0,0.9905761718750001,0.66259765625,4554.0,-0.8,1.8,0.776611328125,0.718505859375,,,,,0.8637388979276865,True,ready
noise_threshold,MPF23_postselected,MPF_postselected,"2,3",8192,16384,2,16384.0,1.0,0.6845639601747561,0.6720214843750001,0.012542475799755981,0.014910817770724968,9108,0.023705458996118978,1.0,2028,heron_prior_scale_0,Z0,0.9912671465636668,0.6758311067384228,0.0,0.0,0.0,0.0,0.9905761718750001,0.66259765625,4554.0,-0.8,1.8,,,0.776611328125,0.718505859375,1.0,1.0,0.8637388979276865,True,ready
noise_threshold,baseline_ST2_k2_raw,none,2,8192,8192,1,8192.0,1.0,0.6845639601747561,0.763916015625,0.07935205545024393,0.007129798283844612,1042,8.106145124998875,1.0,2026,heron_prior_scale_0.25,Z0,0.9912671465636668,0.6758311067384228,0.00015,0.00075,0.0025,0.25,0.972412109375,0.7412109375,,,,,,,,,,0.0,False,baseline/control
noise_threshold,baseline_ST2_k3_raw_control,none_control,3,8192,8192,1,8192.0,1.0,0.6845639601747561,0.711181640625,0.02661768045024393,0.0077672177852672036,1236,8.106145124998875,1.0,2026,heron_prior_scale_0.25,Z0,0.9912671465636668,0.6758311067384228,0.00015,0.00075,0.0025,0.25,0.962158203125,0.68798828125,,,,,,,,,,0.6645621805356511,False,baseline/control
noise_threshold,postselection_ST2_k2_weight1,postselection,2,8192,8192,1,7501.0,0.9156494140625,0.6845639601747561,0.77922943607519,0.09466547590043395,0.007236473537155948,1073,8.106145124998875,1.0,2026,heron_prior_scale_0.25,Z0,0.9912671465636668,0.6758311067384228,0.00015,0.00075,0.0025,0.25,0.9922676976403146,0.7714971337155045,,,,,,,,,,-0.19298076607217796,False,relative error improvement -0.193 < 0.100
noise_threshold,MPF23_raw,MPF,"2,3",8192,16384,2,16384.0,1.0,0.6845639601747561,0.6689941406250001,0.015569819549756003,0.015099732208378375,9340,8.106145124998875,1.0,2026,heron_prior_scale_0.25,Z0,0.9912671465636668,0.6758311067384228,0.00015,0.00075,0.0025,0.25,0.953955078125,0.6454101562500001,4670.0,-0.8,1.8,0.763916015625,0.711181640625,,,,,0.8037880750358289,True,ready
noise_threshold,MPF23_postselected,MPF_postselected,"2,3",8192,16384,2,14839.0,0.895751953125,0.6845639601747561,0.6948503023254571,0.010286342150701011,0.015434956530519722,9760,8.106145124998875,1.0,2026,heron_prior_scale_0.25,Z0,0.9912671465636668,0.6758311067384228,0.00015,0.00075,0.0025,0.25,0.9850901754936354,0.6799404778190927,4880.0,-0.8,1.8,,,0.77922943607519,0.7323521395475606,0.9156494140625,0.895751953125,0.8703708165801597,True,ready
noise_threshold,baseline_ST2_k2_raw,none,2,8192,8192,1,8192.0,1.0,0.6845639601747561,0.77001953125,0.08545557107524393,0.0070491951686746275,1018,8.212300583982142,1.0,2027,heron_prior_scale_0.25,Z0,0.9912671465636668,0.6758311067384228,0.00015,0.00075,0.0025,0.25,0.97265625,0.75146484375,,,,,,,,,,0.0,False,baseline/control
noise_threshold,baseline_ST2_k3_raw_control,none_control,3,8192,8192,1,8192.0,1.0,0.6845639601747561,0.70654296875,0.02197900857524393,0.007818724343217176,1252,8.212300583982142,1.0,2027,heron_prior_scale_0.25,Z0,0.9912671465636668,0.6758311067384228,0.00015,0.00075,0.0025,0.25,0.96240234375,0.6806640625,,,,,,,,,,0.7428019226986227,False,baseline/control
noise_threshold,postselection_ST2_k2_weight1,postselection,2,8192,8192,1,7432.0,0.9072265625,0.6845639601747561,0.7839074273412271,0.09934346716647102,0.007202001812520106,1063,8.212300583982142,1.0,2027,heron_prior_scale_0.25,Z0,0.9912671465636668,0.6758311067384228,0.00015,0.00075,0.0025,0.25,0.9930032292787944,0.7769106566200216,,,,,,,,,,-0.16251598247466806,False,relative error improvement -0.163 < 0.100
noise_threshold,MPF23_raw,MPF,"2,3",8192,16384,2,16384.0,1.0,0.6845639601747561,0.6557617187499999,0.02880224142475618,0.01516151301050079,9416,8.212300583982142,1.0,2027,heron_prior_scale_0.25,Z0,0.9912671465636668,0.6758311067384228,0.00015,0.00075,0.0025,0.25,0.95419921875,0.6240234375000001,4708.0,-0.8,1.8,0.77001953125,0.70654296875,,,,,0.6629565391424779,True,ready
noise_threshold,MPF23_postselected,MPF_postselected,"2,3",8192,16384,2,14679.0,0.8846435546875,0.6845639601747561,0.6845616529938596,2.3071808964436613e-06,0.01558414771046801,9948,8.212300583982142,1.0,2027,heron_prior_scale_0.25,Z0,0.9912671465636668,0.6758311067384228,0.00015,0.00075,0.0025,0.25,0.986223882700878,0.6707855356947375,4974.0,-0.8,1.8,,,0.7839074273412271,0.7287153304815785,0.9072265625,0.8846435546875,0.9999730013986518,True,ready
noise_threshold,baseline_ST2_k2_raw,none,2,8192,8192,1,8192.0,1.0,0.6845639601747561,0.7744140625,0.08985010232524393,0.006990182671751424,1001,8.067710832983721,1.0,2028,heron_prior_scale_0.25,Z0,0.9912671465636668,0.6758311067384228,0.00015,0.00075,0.0025,0.25,0.964599609375,0.749267578125,,,,,,,,,,0.0,False,baseline/control
noise_threshold,baseline_ST2_k3_raw_control,none_control,3,8192,8192,1,8192.0,1.0,0.6845639601747561,0.711181640625,0.02661768045024393,0.0077672177852672036,1236,8.067710832983721,1.0,2028,heron_prior_scale_0.25,Z0,0.9912671465636668,0.6758311067384228,0.00015,0.00075,0.0025,0.25,0.963623046875,0.6875,,,,,,,,,,0.7037545894617693,False,baseline/control
noise_threshold,postselection_ST2_k2_weight1,postselection,2,8192,8192,1,7485.0,0.9136962890625,0.6845639601747561,0.7891783567134268,0.10461439653867077,0.007098858388514762,1033,8.067710832983721,1.0,2028,heron_prior_scale_0.25,Z0,0.9912671465636668,0.6758311067384228,0.00015,0.00075,0.0025,0.25,0.986372745490982,0.7755511022044088,,,,,,,,,,-0.1643213956505281,False,relative error improvement -0.164 < 0.100
noise_threshold,MPF23_raw,MPF,"2,3",8192,16384,2,16384.0,1.0,0.6845639601747561,0.660595703125,0.023968257049756025,0.01505789613800909,9288,8.067710832983721,1.0,2028,heron_prior_scale_0.25,Z0,0.9912671465636668,0.6758311067384228,0.00015,0.00075,0.0025,0.25,0.962841796875,0.6380859375,4644.0,-0.8,1.8,0.7744140625,0.711181640625,,,,,0.7332417389688158,True,ready
noise_threshold,MPF23_postselected,MPF_postselected,"2,3",8192,16384,2,14790.0,0.8917236328125,0.6845639601747561,0.6822507437873695,0.002313216387386574,0.015478113101873876,9814,8.067710832983721,1.0,2028,heron_prior_scale_0.25,Z0,0.9912671465636668,0.6758311067384228,0.00015,0.00075,0.0025,0.25,0.9926677173649145,0.6749184611522842,4907.0,-0.8,1.8,,,0.7891783567134268,0.7297741273100616,0.9136962890625,0.8917236328125,0.9742547161603325,True,ready
noise_threshold,baseline_ST2_k2_raw,none,2,8192,8192,1,8192.0,1.0,0.6845639601747561,0.75,0.06543603982524393,0.007307924583542854,1094,8.246415125002386,1.0,2026,heron_prior_scale_0.5,Z0,0.9912671465636668,0.6758311067384228,0.0003,0.0015,0.005,0.5,0.949951171875,0.717041015625,,,,,,,,,,0.0,False,baseline/control
noise_threshold,baseline_ST2_k3_raw_control,none_control,3,8192,8192,1,8192.0,1.0,0.6845639601747561,0.690185546875,0.00562158670024393,0.007995084479881164,1310,8.246415125002386,1.0,2026,heron_prior_scale_0.5,Z0,0.9912671465636668,0.6758311067384228,0.0003,0.0015,0.005,0.5,0.9375,0.648681640625,,,,,,,,,,0.9140903588411347,False,baseline/control
noise_threshold,postselection_ST2_k2_weight1,postselection,2,8192,8192,1,6860.0,0.83740234375,0.6845639601747561,0.7857142857142857,0.10115032553952963,0.007468623007259183,1143,8.246415125002386,1.0,2026,heron_prior_scale_0.5,Z0,0.9912671465636668,0.6758311067384228,0.0003,0.0015,0.005,0.5,0.9915451895043732,0.7772594752186589,,,,,,,,,,-0.545789228835756,False,relative error improvement -0.546 < 0.100
noise_threshold,MPF23_raw,MPF,"2,3",8192,16384,2,16384.0,1.0,0.6845639601747561,0.642333984375,0.04222997579975607,0.01553334945280685,9884,8.246415125002386,1.0,2026,heron_prior_scale_0.5,Z0,0.9912671465636668,0.6758311067384228,0.0003,0.0015,0.005,0.5,0.9275390625,0.5939941406250001,4942.0,-0.8,1.8,0.75,0.690185546875,,,,,0.3546373540859577,True,ready
noise_threshold,MPF23_postselected,MPF_postselected,"2,3",8192,16384,2,13448.0,0.80419921875,0.6845639601747561,0.6900078064012489,0.0054438462264928544,0.016235481209575565,10798,8.246415125002386,1.0,2026,heron_prior_scale_0.5,Z0,0.9912671465636668,0.6758311067384228,0.0003,0.0015,0.005,0.5,0.9783485478500534,0.6683563542513022,5399.0,-0.8,1.8,,,0.7857142857142857,0.7325440194292653,0.83740234375,0.80419921875,0.9168066062519766,True,ready
noise_threshold,baseline_ST2_k2_raw,none,2,8192,8192,1,8192.0,1.0,0.6845639601747561,0.75048828125,0.06592432107524393,0.00730180290392424,1092,8.087149583006976,1.0,2027,heron_prior_scale_0.5,Z0,0.9912671465636668,0.6758311067384228,0.0003,0.0015,0.005,0.5,0.946533203125,0.712646484375,,,,,,,,,,0.0,False,baseline/control
noise_threshold,baseline_ST2_k3_raw_control,none_control,3,8192,8192,1,8192.0,1.0,0.6845639601747561,0.685791015625,0.0012270554502439301,0.008041113554009814,1325,8.087149583006976,1.0,2027,heron_prior_scale_0.5,Z0,0.9912671465636668,0.6758311067384228,0.0003,0.0015,0.005,0.5,0.93017578125,0.643798828125,,,,,,,,,,0.981386908045008,False,baseline/control
noise_threshold,postselection_ST2_k2_weight1,postselection,2,8192,8192,1,6807.0,0.8309326171875,0.6845639601747561,0.7775819009842809,0.09301794080952486,0.007621176099851624,1190,8.087149583006976,1.0,2027,heron_prior_scale_0.5,Z0,0.9912671465636668,0.6758311067384228,0.0003,0.0015,0.005,0.5,0.988541207580432,0.7661231085647128,,,,,,,,,,-0.41098064101952797,False,relative error improvement -0.411 < 0.100
noise_threshold,MPF23_raw,MPF,"2,3",8192,16384,2,16384.0,1.0,0.6845639601747561,0.6340332031249999,0.05053075704975618,0.015608307137714855,9980,8.087149583006976,1.0,2027,heron_prior_scale_0.5,Z0,0.9912671465636668,0.6758311067384228,0.0003,0.0015,0.005,0.5,0.9170898437499999,0.588720703125,4990.0,-0.8,1.8,0.75048828125,0.685791015625,,,,,0.23350356551898385,True,ready
noise_threshold,MPF23_postselected,MPF_postselected,"2,3",8192,16384,2,13322.0,0.7952880859375,0.6845639601747561,0.6756474492816467,0.008916510893109408,0.016613160463135535,11306,8.087149583006976,1.0,2027,heron_prior_scale_0.5,Z0,0.9912671465636668,0.6758311067384228,0.0003,0.0015,0.005,0.5,0.9831961974045724,0.658843646686219,5653.0,-0.8,1.8,,,0.7775819009842809,0.720951650038373,0.8309326171875,0.7952880859375,0.8647462613542521,True,ready
noise_threshold,baseline_ST2_k2_raw,none,2,8192,8192,1,8192.0,1.0,0.6845639601747561,0.751708984375,0.06714502420024393,0.007286458729160284,1088,8.021351125004003,1.0,2028,heron_prior_scale_0.5,Z0,0.9912671465636668,0.6758311067384228,0.0003,0.0015,0.005,0.5,0.942626953125,0.70947265625,,,,,,,,,,0.0,False,baseline/control
noise_threshold,baseline_ST2_k3_raw_control,none_control,3,8192,8192,1,8192.0,1.0,0.6845639601747561,0.697509765625,0.01294580545024393,0.007917113081677318,1284,8.021351125004003,1.0,2028,heron_prior_scale_0.5,Z0,0.9912671465636668,0.6758311067384228,0.0003,0.0015,0.005,0.5,0.932861328125,0.6552734375,,,,,,,,,,0.8071963543920072,False,baseline/control
noise_threshold,postselection_ST2_k2_weight1,postselection,2,8192,8192,1,6836.0,0.83447265625,0.6845639601747561,0.777940315974254,0.09337635579949788,0.007599629514062256,1183,8.021351125004003,1.0,2028,heron_prior_scale_0.5,Z0,0.9912671465636668,0.6758311067384228,0.0003,0.0015,0.005,0.5,0.9909303686366296,0.7688706846108836,,,,,,,,,,-0.3906667979003968,False,relative error improvement -0.391 < 0.100
noise_threshold,MPF23_raw,MPF,"2,3",8192,16384,2,16384.0,1.0,0.6845639601747561,0.654150390625,0.030413569549756048,0.015396901943418946,9712,8.021351125004003,1.0,2028,heron_prior_scale_0.5,Z0,0.9912671465636668,0.6758311067384228,0.0003,0.0015,0.005,0.5,0.925048828125,0.6119140624999999,4856.0,-0.8,1.8,0.751708984375,0.697509765625,,,,,0.5470465620943874,True,ready
noise_threshold,MPF23_postselected,MPF_postselected,"2,3",8192,16384,2,13359.0,0.7962646484375,0.6845639601747561,0.6875664962624488,0.003002536087692742,0.01645037781108292,11086,8.021351125004003,1.0,2028,heron_prior_scale_0.5,Z0,0.9912671465636668,0.6758311067384228,0.0003,0.0015,0.005,0.5,0.9884913328693257,0.6760578291317745,5543.0,-0.8,1.8,,,0.777940315974254,0.7277326383565844,0.83447265625,0.7962646484375,0.9552828206787386,True,ready
noise_threshold,baseline_ST2_k2_raw,none,2,8192,8192,1,8192.0,1.0,0.6845639601747561,0.740478515625,0.05591455545024393,0.007425505427033166,1130,8.222339041007217,1.0,2026,heron_prior_scale_0.75,Z0,0.9912671465636668,0.6758311067384228,0.00045,0.0022500000000000003,0.0075,0.75,0.93115234375,0.695068359375,,,,,,,,,,0.0,False,baseline/control
noise_threshold,baseline_ST2_k3_raw_control,none_control,3,8192,8192,1,8192.0,1.0,0.6845639601747561,0.679443359375,0.00512060079975607,0.00810662526689878,1346,8.222339041007217,1.0,2026,heron_prior_scale_0.75,Z0,0.9912671465636668,0.6758311067384228,0.00045,0.0022500000000000003,0.0075,0.75,0.912109375,0.627685546875,,,,,,,,,,0.9084209691282857,False,baseline/control
noise_threshold,postselection_ST2_k2_weight1,postselection,2,8192,8192,1,6260.0,0.76416015625,0.6845639601747561,0.7932907348242811,0.10872677464952507,0.007695168913502846,1213,8.222339041007217,1.0,2026,heron_prior_scale_0.75,Z0,0.9912671465636668,0.6758311067384228,0.00045,0.0022500000000000003,0.0075,0.75,0.9891373801916933,0.7824281150159744,,,,,,,,,,-0.9445164818716402,False,relative error improvement -0.945 < 0.100
noise_threshold,MPF23_raw,MPF,"2,3",8192,16384,2,16384.0,1.0,0.6845639601747561,0.6306152343750001,0.05394872579975596,0.015754767309233156,10168,8.222339041007217,1.0,2026,heron_prior_scale_0.75,Z0,0.9912671465636668,0.6758311067384228,0.00045,0.0022500000000000003,0.0075,0.75,0.896875,0.5737792968750001,5084.0,-0.8,1.8,0.740478515625,0.679443359375,,,,,0.03515774443091625,False,relative error improvement 0.035 < 0.100
noise_threshold,MPF23_postselected,MPF_postselected,"2,3",8192,16384,2,12122.0,0.715576171875,0.6845639601747561,0.7017031337372996,0.017139173562543575,0.01691069178684178,11714,8.222339041007217,1.0,2026,heron_prior_scale_0.75,Z0,0.9912671465636668,0.6758311067384228,0.00045,0.0022500000000000003,0.0075,0.75,0.9804403517320086,0.6821434854693085,5857.0,-0.8,1.8,,,0.7932907348242811,0.7424087342204025,0.76416015625,0.715576171875,0.6934756357350453,True,ready
noise_threshold,baseline_ST2_k2_raw,none,2,8192,8192,1,8192.0,1.0,0.6845639601747561,0.740478515625,0.05591455545024393,0.007425505427033166,1130,8.10495662500034,1.0,2027,heron_prior_scale_0.75,Z0,0.9912671465636668,0.6758311067384228,0.00045,0.0022500000000000003,0.0075,0.75,0.9306640625,0.695068359375,,,,,,,,,,0.0,False,baseline/control
noise_threshold,baseline_ST2_k3_raw_control,none_control,3,8192,8192,1,8192.0,1.0,0.6845639601747561,0.674560546875,0.01000341329975607,0.008156250513347842,1363,8.10495662500034,1.0,2027,heron_prior_scale_0.75,Z0,0.9912671465636668,0.6758311067384228,0.00045,0.0022500000000000003,0.0075,0.75,0.904541015625,0.6181640625,,,,,,,,,,0.8210946466585486,False,baseline/control
noise_threshold,postselection_ST2_k2_weight1,postselection,2,8192,8192,1,6256.0,0.763671875,0.6845639601747561,0.7781329923273658,0.0935690321526097,0.007941089908047571,1292,8.10495662500034,1.0,2027,heron_prior_scale_0.75,Z0,0.9912671465636668,0.6758311067384228,0.00045,0.0022500000000000003,0.0075,0.75,0.9881713554987213,0.7663043478260869,,,,,,,,,,-0.6734288844677115,False,relative error improvement -0.673 < 0.100
noise_threshold,MPF23_raw,MPF,"2,3",8192,16384,2,16384.0,1.0,0.6845639601747561,0.6218261718750001,0.06273778829975596,0.015837535554379445,10274,8.10495662500034,1.0,2027,heron_prior_scale_0.75,Z0,0.9912671465636668,0.6758311067384228,0.00045,0.0022500000000000003,0.0075,0.75,0.8836425781249999,0.5566406250000001,5137.0,-0.8,1.8,0.740478515625,0.674560546875,,,,,-0.12202963601461062,False,relative error improvement -0.122 < 0.100
noise_threshold,MPF23_postselected,MPF_postselected,"2,3",8192,16384,2,12105.0,0.7139892578125,0.6845639601747561,0.6881791934179844,0.003615233243228322,0.01733759103231943,12314,8.10495662500034,1.0,2027,heron_prior_scale_0.75,Z0,0.9912671465636668,0.6758311067384228,0.00045,0.0022500000000000003,0.0075,0.75,0.9743799954437312,0.6625591888617155,6157.0,-0.8,1.8,,,0.7781329923273658,0.7281586595999316,0.763671875,0.7139892578125,0.9353436110844989,True,ready
noise_threshold,baseline_ST2_k2_raw,none,2,8192,8192,1,8192.0,1.0,0.6845639601747561,0.732421875,0.04785791482524393,0.0075224127759881115,1159,8.031693958007963,1.0,2028,heron_prior_scale_0.75,Z0,0.9912671465636668,0.6758311067384228,0.00045,0.0022500000000000003,0.0075,0.75,0.922607421875,0.681396484375,,,,,,,,,,0.0,False,baseline/control
noise_threshold,baseline_ST2_k3_raw_control,none_control,3,8192,8192,1,8192.0,1.0,0.6845639601747561,0.678955078125,0.00560888204975607,0.008111617599113776,1348,8.031693958007963,1.0,2028,heron_prior_scale_0.75,Z0,0.9912671465636668,0.6758311067384228,0.00045,0.0022500000000000003,0.0075,0.75,0.903076171875,0.62353515625,,,,,,,,,,0.8828013700505498,False,baseline/control
noise_threshold,postselection_ST2_k2_weight1,postselection,2,8192,8192,1,6193.0,0.7559814453125,0.6845639601747561,0.7836266752785402,0.09906271510378417,0.007894112269561864,1277,8.031693958007963,1.0,2028,heron_prior_scale_0.75,Z0,0.9912671465636668,0.6758311067384228,0.00045,0.0022500000000000003,0.0075,0.75,0.9877280800904247,0.7713547553689649,,,,,,,,,,-1.0699337918402352,False,relative error improvement -1.070 < 0.100
noise_threshold,MPF23_raw,MPF,"2,3",8192,16384,2,16384.0,1.0,0.6845639601747561,0.636181640625,0.048382319549756025,0.01579246991394573,10216,8.031693958007963,1.0,2028,heron_prior_scale_0.75,Z0,0.9912671465636668,0.6758311067384228,0.00045,0.0022500000000000003,0.0075,0.75,0.8874511718749999,0.5772460937499999,5108.0,-0.8,1.8,0.732421875,0.678955078125,,,,,-0.010957533909009427,False,relative error improvement -0.011 < 0.100
noise_threshold,MPF23_postselected,MPF_postselected,"2,3",8192,16384,2,12026.0,0.7120361328125,0.6845639601747561,0.6879966539482631,0.0034326937735070784,0.017289698569692504,12246,8.031693958007963,1.0,2028,heron_prior_scale_0.75,Z0,0.9912671465636668,0.6758311067384228,0.00045,0.0022500000000000003,0.0075,0.75,0.9777242734555189,0.6657209274037824,6123.0,-0.8,1.8,,,0.7836266752785402,0.7304988856506086,0.7559814453125,0.7120361328125,0.9282732274057119,True,ready
noise_threshold,baseline_ST2_k2_raw,none,2,8192,8192,1,8192.0,1.0,0.6845639601747561,0.71484375,0.03027978982524393,0.007726072035478603,1223,8.058209208014887,1.0,2026,heron_prior_scale_1,Z0,0.9912671465636668,0.6758311067384228,0.0006,0.003,0.01,1.0,0.9111328125,0.66650390625,,,,,,,,,,0.0,False,baseline/control
noise_threshold,baseline_ST2_k3_raw_control,none_control,3,8192,8192,1,8192.0,1.0,0.6845639601747561,0.6494140625,0.03514989767475607,0.008401699042758183,1446,8.058209208014887,1.0,2026,heron_prior_scale_1,Z0,0.9912671465636668,0.6758311067384228,0.0006,0.003,0.01,1.0,0.877685546875,0.585205078125,,,,,,,,,,-0.16083691061329575,False,baseline/control
noise_threshold,postselection_ST2_k2_weight1,postselection,2,8192,8192,1,5744.0,0.701171875,0.6845639601747561,0.7795961002785515,0.09503214010379546,0.00826348312022757,1399,8.058209208014887,1.0,2026,heron_prior_scale_1,Z0,0.9912671465636668,0.6758311067384228,0.0006,0.003,0.01,1.0,0.9874651810584958,0.7670612813370473,,,,,,,,,,-2.1384676265014297,False,relative error improvement -2.138 < 0.100
noise_threshold,MPF23_raw,MPF,"2,3",8192,16384,2,16384.0,1.0,0.6845639601747561,0.5970703125,0.08749364767475609,0.016337377166204196,10934,8.058209208014887,1.0,2026,heron_prior_scale_1,Z0,0.9912671465636668,0.6758311067384228,0.0006,0.003,0.01,1.0,0.8509277343749999,0.5201660156250001,5467.0,-0.8,1.8,0.71484375,0.6494140625,,,,,-1.8895064391039331,False,relative error improvement -1.890 < 0.100
noise_threshold,MPF23_postselected,MPF_postselected,"2,3",8192,16384,2,11064.0,0.6494140625,0.6845639601747561,0.6836915408297904,0.0008724193449656248,0.018205619131306236,13576,8.058209208014887,1.0,2026,heron_prior_scale_1,Z0,0.9912671465636668,0.6758311067384228,0.0006,0.003,0.01,1.0,0.9714564265817747,0.6551479674115651,6788.0,-0.8,1.8,,,0.7795961002785515,0.7263157894736842,0.701171875,0.6494140625,0.9711880647124473,True,ready
noise_threshold,baseline_ST2_k2_raw,none,2,8192,8192,1,8192.0,1.0,0.6845639601747561,0.723388671875,0.03882471170024393,0.007628367831766116,1192,8.067975082987687,1.0,2027,heron_prior_scale_1,Z0,0.9912671465636668,0.6758311067384228,0.0006,0.003,0.01,1.0,0.9130859375,0.670654296875,,,,,,,,,,0.0,False,baseline/control
noise_threshold,baseline_ST2_k3_raw_control,none_control,3,8192,8192,1,8192.0,1.0,0.6845639601747561,0.65576171875,0.02880224142475607,0.00834129593052199,1425,8.067975082987687,1.0,2027,heron_prior_scale_1,Z0,0.9912671465636668,0.6758311067384228,0.0006,0.003,0.01,1.0,0.876953125,0.58544921875,,,,,,,,,,0.2581466760878714,False,baseline/control
noise_threshold,postselection_ST2_k2_weight1,postselection,2,8192,8192,1,5723.0,0.6986083984375,0.6845639601747561,0.7815830857941639,0.09701912561940784,0.008245828559030905,1393,8.067975082987687,1.0,2027,heron_prior_scale_1,Z0,0.9912671465636668,0.6758311067384228,0.0006,0.003,0.01,1.0,0.9860213174908264,0.7676044032849904,,,,,,,,,,-1.4989013793191486,False,relative error improvement -1.499 < 0.100
noise_threshold,MPF23_raw,MPF,"2,3",8192,16384,2,16384.0,1.0,0.6845639601747561,0.60166015625,0.08290380392475605,0.01620719170525424,10760,8.067975082987687,1.0,2027,heron_prior_scale_1,Z0,0.9912671465636668,0.6758311067384228,0.0006,0.003,0.01,1.0,0.8480468750000001,0.5172851562500002,5380.0,-0.8,1.8,0.723388671875,0.65576171875,,,,,-1.135335983041831,False,relative error improvement -1.135 < 0.100
noise_threshold,MPF23_postselected,MPF_postselected,"2,3",8192,16384,2,10953.0,0.638427734375,0.6845639601747561,0.6880796116705962,0.0035156514958400997,0.018254157167685563,13650,8.067975082987687,1.0,2027,heron_prior_scale_1,Z0,0.9912671465636668,0.6758311067384228,0.0006,0.003,0.01,1.0,0.9753894469633618,0.663469058633958,6825.0,-0.8,1.8,,,0.7815830857941639,0.7296367112810708,0.6986083984375,0.638427734375,0.909448097825334,True,ready
noise_threshold,baseline_ST2_k2_raw,none,2,8192,8192,1,8192.0,1.0,0.6845639601747561,0.718994140625,0.03443018045024393,0.007678915953000579,1208,8.176019208010985,1.0,2028,heron_prior_scale_1,Z0,0.9912671465636668,0.6758311067384228,0.0006,0.003,0.01,1.0,0.89697265625,0.657958984375,,,,,,,,,,0.0,False,baseline/control
noise_threshold,baseline_ST2_k3_raw_control,none_control,3,8192,8192,1,8192.0,1.0,0.6845639601747561,0.659912109375,0.02465185079975607,0.008301243611389472,1412,8.176019208010985,1.0,2028,heron_prior_scale_1,Z0,0.9912671465636668,0.6758311067384228,0.0006,0.003,0.01,1.0,0.87744140625,0.593994140625,,,,,,,,,,0.2840046006909204,False,baseline/control
noise_threshold,postselection_ST2_k2_weight1,postselection,2,8192,8192,1,5756.0,0.70263671875,0.6845639601747561,0.7744961779013204,0.08993221772656435,0.008337850332145921,1424,8.176019208010985,1.0,2028,heron_prior_scale_1,Z0,0.9912671465636668,0.6758311067384228,0.0006,0.003,0.01,1.0,0.9840166782487839,0.7585128561501042,,,,,,,,,,-1.612017031294043,False,relative error improvement -1.612 < 0.100
noise_threshold,MPF23_raw,MPF,"2,3",8192,16384,2,16384.0,1.0,0.6845639601747561,0.6126464843750001,0.07191747579975594,0.016155759701800897,10692,8.176019208010985,1.0,2028,heron_prior_scale_1,Z0,0.9912671465636668,0.6758311067384228,0.0006,0.003,0.01,1.0,0.8618164062499999,0.5428222656250001,5346.0,-0.8,1.8,0.718994140625,0.659912109375,,,,,-1.0887917187563394,False,relative error improvement -1.089 < 0.100
noise_threshold,MPF23_postselected,MPF_postselected,"2,3",8192,16384,2,11054.0,0.646728515625,0.6845639601747561,0.6870848243833605,0.002520864208604423,0.01826932834202254,13672,8.176019208010985,1.0,2028,heron_prior_scale_1,Z0,0.9912671465636668,0.6758311067384228,0.0006,0.003,0.01,1.0,0.9740550605719808,0.6611398849553414,6836.0,-0.8,1.8,,,0.7744961779013204,0.7259343148357871,0.70263671875,0.646728515625,0.9267832995459493,True,ready
noise_threshold,baseline_ST2_k2_raw,none,2,8192,8192,1,8192.0,1.0,0.6845639601747561,0.7119140625,0.02735010232524393,0.007759022970256753,1233,8.133801040996332,1.0,2026,heron_prior_scale_1.25,Z0,0.9912671465636668,0.6758311067384228,0.0007499999999999999,0.00375,0.0125,1.25,0.890869140625,0.644775390625,,,,,,,,,,0.0,False,baseline/control
noise_threshold,baseline_ST2_k3_raw_control,none_control,3,8192,8192,1,8192.0,1.0,0.6845639601747561,0.64892578125,0.03563817892475607,0.008406303223787982,1448,8.133801040996332,1.0,2026,heron_prior_scale_1.25,Z0,0.9912671465636668,0.6758311067384228,0.0007499999999999999,0.00375,0.0125,1.25,0.857177734375,0.572998046875,,,,,,,,,,-0.3030364018734332,False,baseline/control
noise_threshold,postselection_ST2_k2_weight1,postselection,2,8192,8192,1,5261.0,0.6422119140625,0.6845639601747561,0.7890134955331686,0.1044495353584125,0.008470323473772324,1470,8.133801040996332,1.0,2026,heron_prior_scale_1.25,Z0,0.9912671465636668,0.6758311067384228,0.0007499999999999999,0.00375,0.0125,1.25,0.9844136095799277,0.7734271051130964,,,,,,,,,,-2.818981520299703,False,relative error improvement -2.819 < 0.100
noise_threshold,MPF23_raw,MPF,"2,3",8192,16384,2,16384.0,1.0,0.6845639601747561,0.5985351562500001,0.08602880392475598,0.016355035486796447,10958,8.133801040996332,1.0,2026,heron_prior_scale_1.25,Z0,0.9912671465636668,0.6758311067384228,0.0007499999999999999,0.00375,0.0125,1.25,0.830224609375,0.515576171875,5479.0,-0.8,1.8,0.7119140625,0.64892578125,,,,,-2.1454655233721764,False,relative error improvement -2.145 < 0.100
noise_threshold,MPF23_postselected,MPF_postselected,"2,3",8192,16384,2,10029.0,0.58203125,0.6845639601747561,0.6976482639761498,0.013084303801393693,0.01884383182821642,14546,8.133801040996332,1.0,2026,heron_prior_scale_1.25,Z0,0.9912671465636668,0.6758311067384228,0.0007499999999999999,0.00375,0.0125,1.25,0.967167098913239,0.6648153628893887,7273.0,-0.8,1.8,,,0.7890134955331686,0.738255033557047,0.6422119140625,0.58203125,0.5215994570770953,True,ready
noise_threshold,baseline_ST2_k2_raw,none,2,8192,8192,1,8192.0,1.0,0.6845639601747561,0.713623046875,0.02905908670024393,0.007739835091098997,1227,8.164278666023165,1.0,2027,heron_prior_scale_1.25,Z0,0.9912671465636668,0.6758311067384228,0.0007499999999999999,0.00375,0.0125,1.25,0.87646484375,0.641357421875,,,,,,,,,,0.0,False,baseline/control
noise_threshold,baseline_ST2_k3_raw_control,none_control,3,8192,8192,1,8192.0,1.0,0.6845639601747561,0.645751953125,0.03881200704975607,0.008436085059565984,1458,8.164278666023165,1.0,2027,heron_prior_scale_1.25,Z0,0.9912671465636668,0.6758311067384228,0.0007499999999999999,0.00375,0.0125,1.25,0.84912109375,0.563720703125,,,,,,,,,,-0.33562377407512506,False,baseline/control
noise_threshold,postselection_ST2_k2_weight1,postselection,2,8192,8192,1,5182.0,0.632568359375,0.6845639601747561,0.7912003087610961,0.10663634858634008,0.008495487387243036,1479,8.164278666023165,1.0,2027,heron_prior_scale_1.25,Z0,0.9912671465636668,0.6758311067384228,0.0007499999999999999,0.00375,0.0125,1.25,0.9826321883442686,0.7738324971053647,,,,,,,,,,-2.669638680882732,False,relative error improvement -2.670 < 0.100
noise_threshold,MPF23_raw,MPF,"2,3",8192,16384,2,16384.0,1.0,0.6845639601747561,0.591455078125,0.09310888204975609,0.016398842370739884,11016,8.164278666023165,1.0,2027,heron_prior_scale_1.25,Z0,0.9912671465636668,0.6758311067384228,0.0007499999999999999,0.00375,0.0125,1.25,0.8272460937500001,0.501611328125,5508.0,-0.8,1.8,0.713623046875,0.645751953125,,,,,-2.204122793335226,False,relative error improvement -2.204 < 0.100
noise_threshold,MPF23_postselected,MPF_postselected,"2,3",8192,16384,2,9781.0,0.5614013671875,0.6845639601747561,0.6918929819539411,0.007329021779185041,0.01921030622033428,15116,8.164278666023165,1.0,2027,heron_prior_scale_1.25,Z0,0.9912671465636668,0.6758311067384228,0.0007499999999999999,0.00375,0.0125,1.25,0.9771036426709648,0.668996624624906,7558.0,-0.8,1.8,,,0.7912003087610961,0.73602957164601,0.632568359375,0.5614013671875,0.7477889840521547,True,ready
noise_threshold,baseline_ST2_k2_raw,none,2,8192,8192,1,8192.0,1.0,0.6845639601747561,0.71728515625,0.03272119607524393,0.007698401225173736,1214,8.201694749994203,1.0,2028,heron_prior_scale_1.25,Z0,0.9912671465636668,0.6758311067384228,0.0007499999999999999,0.00375,0.0125,1.25,0.881591796875,0.646728515625,,,,,,,,,,0.0,False,baseline/control
noise_threshold,baseline_ST2_k3_raw_control,none_control,3,8192,8192,1,8192.0,1.0,0.6845639601747561,0.637939453125,0.04662450704975607,0.008508334423173811,1483,8.201694749994203,1.0,2028,heron_prior_scale_1.25,Z0,0.9912671465636668,0.6758311067384228,0.0007499999999999999,0.00375,0.0125,1.25,0.839111328125,0.55517578125,,,,,,,,,,-0.4249022848229882,False,baseline/control
noise_threshold,postselection_ST2_k2_weight1,postselection,2,8192,8192,1,5285.0,0.6451416015625,0.6845639601747561,0.7960264900662252,0.1114625298914691,0.008325699996854594,1420,8.201694749994203,1.0,2028,heron_prior_scale_1.25,Z0,0.9912671465636668,0.6758311067384228,0.0007499999999999999,0.00375,0.0125,1.25,0.9818353831598865,0.7778618732261117,,,,,,,,,,-2.406432015356522,False,relative error improvement -2.406 < 0.100
noise_threshold,MPF23_raw,MPF,"2,3",8192,16384,2,16384.0,1.0,0.6845639601747561,0.5744628906250001,0.11010106954975596,0.0165069418487639,11162,8.201694749994203,1.0,2028,heron_prior_scale_1.25,Z0,0.9912671465636668,0.6758311067384228,0.0007499999999999999,0.00375,0.0125,1.25,0.805126953125,0.48193359375,5581.0,-0.8,1.8,0.71728515625,0.637939453125,,,,,-2.3648241126813754,False,relative error improvement -2.365 < 0.100
noise_threshold,MPF23_postselected,MPF_postselected,"2,3",8192,16384,2,9995.0,0.574951171875,0.6845639601747561,0.6992297633610326,0.014665803186276527,0.01879556942128026,14472,8.201694749994203,1.0,2028,heron_prior_scale_1.25,Z0,0.9912671465636668,0.6758311067384228,0.0007499999999999999,0.00375,0.0125,1.25,0.9656144960198615,0.6648442593808941,7236.0,-0.8,1.8,,,0.7960264900662252,0.7422505307855626,0.6451416015625,0.574951171875,0.5517950152998129,True,ready
noise_threshold,baseline_ST2_k2_raw,none,2,8192,8192,1,8192.0,1.0,0.6845639601747561,0.706298828125,0.02173486795024393,0.007821416516330667,1253,8.182143874990288,1.0,2026,heron_prior_scale_1.5,Z0,0.9912671465636668,0.6758311067384228,0.0009,0.0045000000000000005,0.015,1.5,0.8681640625,0.620849609375,,,,,,,,,,0.0,False,baseline/control
noise_threshold,baseline_ST2_k3_raw_control,none_control,3,8192,8192,1,8192.0,1.0,0.6845639601747561,0.630859375,0.05370458517475607,0.008572533817750203,1506,8.182143874990288,1.0,2026,heron_prior_scale_1.5,Z0,0.9912671465636668,0.6758311067384228,0.0009,0.0045000000000000005,0.015,1.5,0.832763671875,0.535400390625,,,,,,,,,,-1.4708953970964127,False,baseline/control
noise_threshold,postselection_ST2_k2_weight1,postselection,2,8192,8192,1,4821.0,0.5885009765625,0.6845639601747561,0.7875959344534329,0.10303197427867683,0.008874574222324759,1613,8.182143874990288,1.0,2026,heron_prior_scale_1.5,Z0,0.9912671465636668,0.6758311067384228,0.0009,0.0045000000000000005,0.015,1.5,0.9817465256170919,0.7693424600705248,,,,,,,,,,-3.7404002874340216,False,relative error improvement -3.740 < 0.100
noise_threshold,MPF23_raw,MPF,"2,3",8192,16384,2,16384.0,1.0,0.6845639601747561,0.5705078124999999,0.11405614767475614,0.016650943663018048,11358,8.182143874990288,1.0,2026,heron_prior_scale_1.5,Z0,0.9912671465636668,0.6758311067384228,0.0009,0.0045000000000000005,0.015,1.5,0.804443359375,0.467041015625,5679.0,-0.8,1.8,0.706298828125,0.630859375,,,,,-4.247611714773546,False,relative error improvement -4.248 < 0.100
noise_threshold,MPF23_postselected,MPF_postselected,"2,3",8192,16384,2,9059.0,0.517333984375,0.6845639601747561,0.700173370417433,0.015609410242676924,0.01993412763215971,16278,8.182143874990288,1.0,2026,heron_prior_scale_1.5,Z0,0.9912671465636668,0.6758311067384228,0.0009,0.0045000000000000005,0.015,1.5,0.9619364274534713,0.6621097978709043,8139.0,-0.8,1.8,,,0.7875959344534329,0.7390278433223219,0.5885009765625,0.517333984375,0.28182631344204967,True,ready
noise_threshold,baseline_ST2_k2_raw,none,2,8192,8192,1,8192.0,1.0,0.6845639601747561,0.703369140625,0.01880518045024393,0.007853578348313696,1264,8.067729208007222,1.0,2027,heron_prior_scale_1.5,Z0,0.9912671465636668,0.6758311067384228,0.0009,0.0045000000000000005,0.015,1.5,0.8740234375,0.629150390625,,,,,,,,,,0.0,False,baseline/control
noise_threshold,baseline_ST2_k3_raw_control,none_control,3,8192,8192,1,8192.0,1.0,0.6845639601747561,0.631103515625,0.05346044454975607,0.008570339936756485,1505,8.067729208007222,1.0,2027,heron_prior_scale_1.5,Z0,0.9912671465636668,0.6758311067384228,0.0009,0.0045000000000000005,0.015,1.5,0.815185546875,0.53125,,,,,,,,,,-1.8428573015401515,False,baseline/control
noise_threshold,postselection_ST2_k2_weight1,postselection,2,8192,8192,1,4817.0,0.5880126953125,0.6845639601747561,0.7969690678845754,0.11240510770981937,0.008702881733908676,1552,8.067729208007222,1.0,2027,heron_prior_scale_1.5,Z0,0.9912671465636668,0.6758311067384228,0.0009,0.0045000000000000005,0.015,1.5,0.9829769566119991,0.7799460244965747,,,,,,,,,,-4.977347997655684,False,relative error improvement -4.977 < 0.100
noise_threshold,MPF23_raw,MPF,"2,3",8192,16384,2,16384.0,1.0,0.6845639601747561,0.573291015625,0.11127294454975611,0.01665697204551445,11366,8.067729208007222,1.0,2027,heron_prior_scale_1.5,Z0,0.9912671465636668,0.6758311067384228,0.0009,0.0045000000000000005,0.015,1.5,0.768115234375,0.45292968750000007,5683.0,-0.8,1.8,0.703369140625,0.631103515625,,,,,-4.917143142772275,False,relative error improvement -4.917 < 0.100
noise_threshold,MPF23_postselected,MPF_postselected,"2,3",8192,16384,2,9002.0,0.5108642578125,0.6845639601747561,0.6927473263375009,0.008183366162744843,0.019994648330921863,16376,8.067729208007222,1.0,2027,heron_prior_scale_1.5,Z0,0.9912671465636668,0.6758311067384228,0.0009,0.0045000000000000005,0.015,1.5,0.9697474669684654,0.662494793305966,8188.0,-0.8,1.8,,,0.7969690678845754,0.739068100358423,0.5880126953125,0.5108642578125,0.5648344782227978,True,ready
noise_threshold,baseline_ST2_k2_raw,none,2,8192,8192,1,8192.0,1.0,0.6845639601747561,0.703125,0.01856103982524393,0.007856246537941449,1265,8.169814708991908,1.0,2028,heron_prior_scale_1.5,Z0,0.9912671465636668,0.6758311067384228,0.0009,0.0045000000000000005,0.015,1.5,0.864501953125,0.618408203125,,,,,,,,,,0.0,False,baseline/control
noise_threshold,baseline_ST2_k3_raw_control,none_control,3,8192,8192,1,8192.0,1.0,0.6845639601747561,0.623046875,0.06151708517475607,0.00864199943544763,1530,8.169814708991908,1.0,2028,heron_prior_scale_1.5,Z0,0.9912671465636668,0.6758311067384228,0.0009,0.0045000000000000005,0.015,1.5,0.835205078125,0.533935546875,,,,,,,,,,-2.3143124390633436,False,baseline/control
noise_threshold,postselection_ST2_k2_weight1,postselection,2,8192,8192,1,4812.0,0.58740234375,0.6845639601747561,0.7901080631753948,0.10554410300063877,0.008836386278663793,1600,8.169814708991908,1.0,2028,heron_prior_scale_1.5,Z0,0.9912671465636668,0.6758311067384228,0.0009,0.0045000000000000005,0.015,1.5,0.9767248545303409,0.7668329177057357,,,,,,,,,,-4.686324903904014,False,relative error improvement -4.686 < 0.100
noise_threshold,MPF23_raw,MPF,"2,3",8192,16384,2,16384.0,1.0,0.6845639601747561,0.5589843750000001,0.12557958517475598,0.016777301628406304,11530,8.169814708991908,1.0,2028,heron_prior_scale_1.5,Z0,0.9912671465636668,0.6758311067384228,0.0009,0.0045000000000000005,0.015,1.5,0.811767578125,0.46635742187499996,5765.0,-0.8,1.8,0.703125,0.623046875,,,,,-5.765762390314014,False,relative error improvement -5.766 < 0.100
noise_threshold,MPF23_postselected,MPF_postselected,"2,3",8192,16384,2,9038.0,0.515869140625,0.6845639601747561,0.694274174163896,0.00971021398913996,0.02000916994633523,16400,8.169814708991908,1.0,2028,heron_prior_scale_1.5,Z0,0.9912671465636668,0.6758311067384228,0.0009,0.0045000000000000005,0.015,1.5,0.9760266473743076,0.6703008215382037,8200.0,-0.8,1.8,,,0.7901080631753948,0.7368670137245622,0.58740234375,0.515869140625,0.47684967649637877,True,ready
noise_threshold,baseline_ST2_k2_raw,none,2,8192,8192,1,8192.0,1.0,0.6845639601747561,0.67431640625,0.01024755392475607,0.008158714488343448,1364,8.20980937499553,1.0,2026,heron_prior_scale_2,Z0,0.9912671465636668,0.6758311067384228,0.0012,0.006,0.02,2.0,0.823974609375,0.569091796875,,,,,,,,,,0.0,False,baseline/control
noise_threshold,baseline_ST2_k3_raw_control,none_control,3,8192,8192,1,8192.0,1.0,0.6845639601747561,0.5966796875,0.08788427267475607,0.00886622964626153,1610,8.20980937499553,1.0,2026,heron_prior_scale_2,Z0,0.9912671465636668,0.6758311067384228,0.0012,0.006,0.02,2.0,0.7783203125,0.48095703125,,,,,,,,,,-7.5761220014119655,False,baseline/control
noise_threshold,postselection_ST2_k2_weight1,postselection,2,8192,8192,1,4022.0,0.490966796875,0.6845639601747561,0.7896568871208354,0.1050929269460793,0.009674488290108325,1917,8.20980937499553,1.0,2026,heron_prior_scale_2,Z0,0.9912671465636668,0.6758311067384228,0.0012,0.006,0.02,2.0,0.9801093983092989,0.7697662854301343,,,,,,,,,,-9.255415850234806,False,relative error improvement -9.255 < 0.100
noise_threshold,MPF23_raw,MPF,"2,3",8192,16384,2,16384.0,1.0,0.6845639601747561,0.5345703125,0.1499936476747561,0.017242327259389182,12178,8.20980937499553,1.0,2026,heron_prior_scale_2,Z0,0.9912671465636668,0.6758311067384228,0.0012,0.006,0.02,2.0,0.7417968750000001,0.41044921874999996,6089.0,-0.8,1.8,0.67431640625,0.5966796875,,,,,-13.63701960254154,False,relative error improvement -13.637 < 0.100
noise_threshold,MPF23_postselected,MPF_postselected,"2,3",8192,16384,2,7439.0,0.4171142578125,0.6845639601747561,0.7194597405228225,0.034895780348066396,0.02176699068450583,19408,8.20980937499553,1.0,2026,heron_prior_scale_2,Z0,0.9912671465636668,0.6758311067384228,0.0012,0.006,0.02,2.0,0.951645580562394,0.6711053210852165,9704.0,-0.8,1.8,,,0.7896568871208354,0.7506584723441615,0.490966796875,0.4171142578125,-2.4052790162699287,False,relative error improvement -2.405 < 0.100
noise_threshold,baseline_ST2_k2_raw,none,2,8192,8192,1,8192.0,1.0,0.6845639601747561,0.6845703125,6.352325243930146e-06,0.008053800775964253,1329,8.123028666013852,1.0,2027,heron_prior_scale_2,Z0,0.9912671465636668,0.6758311067384228,0.0012,0.006,0.02,2.0,0.826904296875,0.582763671875,,,,,,,,,,0.0,False,baseline/control
noise_threshold,baseline_ST2_k3_raw_control,none_control,3,8192,8192,1,8192.0,1.0,0.6845639601747561,0.595458984375,0.08910497579975607,0.008876241921297389,1614,8.123028666013852,1.0,2027,heron_prior_scale_2,Z0,0.9912671465636668,0.6758311067384228,0.0012,0.006,0.02,2.0,0.774169921875,0.4873046875,,,,,,,,,,-14026.143192156098,False,baseline/control
noise_threshold,postselection_ST2_k2_weight1,postselection,2,8192,8192,1,4080.0,0.498046875,0.6845639601747561,0.7975490196078432,0.11298505943308712,0.009444309954688977,1827,8.123028666013852,1.0,2027,heron_prior_scale_2,Z0,0.9912671465636668,0.6758311067384228,0.0012,0.006,0.02,2.0,0.9789215686274509,0.7764705882352941,,,,,,,,,,-17785.409715253172,False,relative error improvement -17785.410 < 0.100
noise_threshold,MPF23_raw,MPF,"2,3",8192,16384,2,16384.0,1.0,0.6845639601747561,0.5241699218749999,0.16039403829975618,0.017227443958173168,12158,8.123028666013852,1.0,2027,heron_prior_scale_2,Z0,0.9912671465636668,0.6758311067384228,0.0012,0.006,0.02,2.0,0.731982421875,0.4109375,6079.0,-0.8,1.8,0.6845703125,0.595458984375,,,,,-25248.657745880995,False,relative error improvement -25248.658 < 0.100
noise_threshold,MPF23_postselected,MPF_postselected,"2,3",8192,16384,2,7556.0,0.42431640625,0.6845639601747561,0.717656986845371,0.03309302667061498,0.021458034016756382,18860,8.123028666013852,1.0,2027,heron_prior_scale_2,Z0,0.9912671465636668,0.6758311067384228,0.0012,0.006,0.02,2.0,0.9391872560301451,0.656844242875516,9430.0,-0.8,1.8,,,0.7975490196078432,0.7531645569620253,0.498046875,0.42431640625,-5208.592613702588,False,relative error improvement -5208.593 < 0.100
noise_threshold,baseline_ST2_k2_raw,none,2,8192,8192,1,8192.0,1.0,0.6845639601747561,0.6826171875,0.0019467726747560699,0.008074012003956759,1336,8.13814666698454,1.0,2028,heron_prior_scale_2,Z0,0.9912671465636668,0.6758311067384228,0.0012,0.006,0.02,2.0,0.82275390625,0.58056640625,,,,,,,,,,0.0,False,baseline/control
noise_threshold,baseline_ST2_k3_raw_control,none_control,3,8192,8192,1,8192.0,1.0,0.6845639601747561,0.6015625,0.08300146017475607,0.008825860872506355,1596,8.13814666698454,1.0,2028,heron_prior_scale_2,Z0,0.9912671465636668,0.6758311067384228,0.0012,0.006,0.02,2.0,0.7763671875,0.486328125,,,,,,,,,,-41.63541462803619,False,baseline/control
noise_threshold,postselection_ST2_k2_weight1,postselection,2,8192,8192,1,4108.0,0.50146484375,0.6845639601747561,0.7999026290165531,0.115338668841797,0.009363322446009594,1796,8.13814666698454,1.0,2028,heron_prior_scale_2,Z0,0.9912671465636668,0.6758311067384228,0.0012,0.006,0.02,2.0,0.9790652385589095,0.7789678675754625,,,,,,,,,,-58.24608986832472,False,relative error improvement -58.246 < 0.100
noise_threshold,MPF23_raw,MPF,"2,3",8192,16384,2,16384.0,1.0,0.6845639601747561,0.5367187499999999,0.14784521017475616,0.017149456141637303,12048,8.13814666698454,1.0,2028,heron_prior_scale_2,Z0,0.9912671465636668,0.6758311067384228,0.0012,0.006,0.02,2.0,0.7392578125,0.41093749999999996,6024.0,-0.8,1.8,0.6826171875,0.6015625,,,,,-74.94374633046517,False,relative error improvement -74.944 < 0.100
noise_threshold,MPF23_postselected,MPF_postselected,"2,3",8192,16384,2,7571.0,0.4227294921875,0.6845639601747561,0.718264440246186,0.033700480071429895,0.021425101345078586,18804,8.13814666698454,1.0,2028,heron_prior_scale_2,Z0,0.9912671465636668,0.6758311067384228,0.0012,0.006,0.02,2.0,0.9533345836258728,0.6715990238720585,9402.0,-0.8,1.8,,,0.7999026290165531,0.7545480796996824,0.50146484375,0.4227294921875,-16.310947759040513,False,relative error improvement -16.311 < 0.100
