method,observable,z1_exact,z0z1_exact,z1_estimate,z0z1_estimate,mitigation,reps,noise_label,shots_per_circuit,physical_shots_total,circuits,accepted_shots,acceptance,obs_exact,obs_estimate,abs_err_vs_exact,reference_target,reference_value,abs_err_vs_reference,fair_baseline_method,fair_baseline_error,standard_error,qpu_shots_needed_for_target_se,simulator_runtime_sec,p1,p2,p_ro,depth,two_q,two_q_depth,mpf_shots_needed_per_circuit,mpf_coeff_low,mpf_coeff_high,obs_low_reps_raw,obs_high_reps_raw,rel_error_improvement_vs_fair_baseline,rel_error_improvement_vs_raw_baseline,qpu_ready_candidate,qpu_readiness_reason
baseline_ST2_k2_raw,Z0,0.9912671465636668,0.6758311067384228,0.93359375,0.6953125,none,2,low,1024,1024,1,1024,1.0,0.6845639601747561,0.7421875,0.05762353982524393,exact_dynamics,0.6845639601747561,0.05762353982524393,self,0.05762353982524393,0.020943509278583176,1123,1.6048660420055967,0.0003,0.001,0.005,31,90,15,,,,,,0.0,0.0,False,baseline/control
baseline_ST2_k3_raw_control,Z0,0.9912671465636668,0.6758311067384228,0.939453125,0.61328125,none_control,3,low,1024,1024,1,1024,1.0,0.6845639601747561,0.638671875,0.04589208517475607,exact_dynamics,0.6845639601747561,0.04589208517475607,self,0.04589208517475607,0.024046224936063582,1481,1.6048660420055967,0.0003,0.001,0.005,43,126,21,,,,,,0.0,0.0,False,baseline/control
postselection_ST2_k2_weight1,Z0,0.9912671465636668,0.6758311067384228,0.9774520856820744,0.7429537767756482,postselection,2,low,1024,1024,1,887,0.8662109375,0.6845639601747561,0.7655016910935738,0.08093773091881773,noiseless_ST2_k2,0.7845829417302326,0.019081250636658775,baseline_ST2_k2_raw_vs_noiseless_ST2_k2,0.042395441730232575,0.021604395376545696,1195,1.6048660420055967,0.0003,0.001,0.005,31,90,15,,,,,,0.5499221176164379,0.5499221176164379,True,ready
MPF23_raw,Z0,0.9912671465636668,0.6758311067384228,0.9441406250000001,0.5476562500000001,MPF,"2,3",low,1024,2048,2,2048,1.0,0.6845639601747561,0.555859375,0.12870458517475603,exact_dynamics,0.6845639601747561,0.12870458517475603,baseline_ST2_k3_raw_control_vs_exact,0.04589208517475607,0.046412922735880636,11030,1.6048660420055967,0.0003,0.001,0.005,43,216,21,5515.0,-0.8,1.8,0.7421875,0.638671875,-1.8045050619219358,-1.8045050619219358,False,fair-baseline relative improvement -1.805 < 0.100
baseline_ST2_k2_raw,Z0,0.9912671465636668,0.6758311067384228,0.94287109375,0.71484375,none,2,low,4096,4096,1,4096,1.0,0.6845639601747561,0.75732421875,0.07276025857524393,exact_dynamics,0.6845639601747561,0.07276025857524393,self,0.07276025857524393,0.010203735477701384,1067,6.966682083992055,0.0003,0.001,0.005,31,90,15,,,,,,0.0,0.0,False,baseline/control
baseline_ST2_k3_raw_control,Z0,0.9912671465636668,0.6758311067384228,0.93896484375,0.62646484375,none_control,3,low,4096,4096,1,4096,1.0,0.6845639601747561,0.666015625,0.01854833517475607,exact_dynamics,0.6845639601747561,0.01854833517475607,self,0.01854833517475607,0.011655277976141862,1392,6.966682083992055,0.0003,0.001,0.005,43,126,21,,,,,,0.0,0.0,False,baseline/control
postselection_ST2_k2_weight1,Z0,0.9912671465636668,0.6758311067384228,0.9839862739490992,0.7655132971118102,postselection,2,low,4096,4096,1,3497,0.853759765625,0.6845639601747561,0.7815270231627109,0.09696306298795487,noiseless_ST2_k2,0.7845829417302326,0.0030559185675216316,baseline_ST2_k2_raw_vs_noiseless_ST2_k2,0.027258722980232575,0.010549873547814361,1140,6.966682083992055,0.0003,0.001,0.005,31,90,15,,,,,,0.8878920861502677,0.8878920861502677,True,ready
MPF23_raw,Z0,0.9912671465636668,0.6758311067384228,0.93583984375,0.55576171875,MPF,"2,3",low,4096,8192,2,8192,1.0,0.6845639601747561,0.59296875,0.09159521017475603,exact_dynamics,0.6845639601747561,0.09159521017475603,baseline_ST2_k3_raw_control_vs_exact,0.01854833517475607,0.022511637314042328,10380,6.966682083992055,0.0003,0.001,0.005,43,216,21,5190.0,-0.8,1.8,0.75732421875,0.666015625,-3.9381903719000806,-3.9381903719000806,False,fair-baseline relative improvement -3.938 < 0.100
baseline_ST2_k2_raw,Z0,0.9912671465636668,0.6758311067384228,0.9599609375,0.73388671875,none,2,low,8192,8192,1,8192,1.0,0.6845639601747561,0.76171875,0.07715478982524393,exact_dynamics,0.6845639601747561,0.07715478982524393,self,0.07715478982524393,0.00715843772763952,1050,8.147549207991688,0.0003,0.001,0.005,31,90,15,,,,,,0.0,0.0,False,baseline/control
baseline_ST2_k3_raw_control,Z0,0.9912671465636668,0.6758311067384228,0.950927734375,0.669921875,none_control,3,low,8192,8192,1,8192,1.0,0.6845639601747561,0.702880859375,0.01831689920024393,exact_dynamics,0.6845639601747561,0.01831689920024393,self,0.01831689920024393,0.007858912895866519,1265,8.147549207991688,0.0003,0.001,0.005,43,126,21,,,,,,0.0,0.0,False,baseline/control
postselection_ST2_k2_weight1,Z0,0.9912671465636668,0.6758311067384228,0.9895376784956879,0.7723738159196946,postselection,2,low,8192,8192,1,7073,0.8634033203125,0.6845639601747561,0.7828361374240068,0.09827217724925075,noiseless_ST2_k2,0.7845829417302326,0.0017468043062257577,baseline_ST2_k2_raw_vs_noiseless_ST2_k2,0.022864191730232575,0.0073985679022722335,1122,8.147549207991688,0.0003,0.001,0.005,31,90,15,,,,,,0.9236008721919517,0.9236008721919517,True,ready
MPF23_raw,Z0,0.9912671465636668,0.6758311067384228,0.9437011718749999,0.6187499999999999,MPF,"2,3",low,8192,16384,2,16384,1.0,0.6845639601747561,0.655810546875,0.028753413299756114,exact_dynamics,0.6845639601747561,0.028753413299756114,baseline_ST2_k3_raw_control_vs_exact,0.01831689920024393,0.015261264895804764,9540,8.147549207991688,0.0003,0.001,0.005,43,216,21,4770.0,-0.8,1.8,0.76171875,0.702880859375,-0.5697751560140266,-0.5697751560140266,False,fair-baseline relative improvement -0.570 < 0.100
baseline_ST2_k2_raw,Z0,0.9912671465636668,0.6758311067384228,0.8828125,0.630859375,none,2,heron_prior,1024,1024,1,1024,1.0,0.6845639601747561,0.705078125,0.02051416482524393,exact_dynamics,0.6845639601747561,0.02051416482524393,self,0.02051416482524393,0.022160301058743424,1258,1.7202285410021432,0.0006,0.003,0.01,31,90,15,,,,,,0.0,0.0,False,baseline/control
baseline_ST2_k3_raw_control,Z0,0.9912671465636668,0.6758311067384228,0.875,0.51953125,none_control,3,heron_prior,1024,1024,1,1024,1.0,0.6845639601747561,0.58203125,0.10253271017475607,exact_dynamics,0.6845639601747561,0.10253271017475607,self,0.10253271017475607,0.025411450575191258,1654,1.7202285410021432,0.0006,0.003,0.01,43,126,21,,,,,,0.0,0.0,False,baseline/control
postselection_ST2_k2_weight1,Z0,0.9912671465636668,0.6758311067384228,0.9544807965860598,0.7268847795163584,postselection,2,heron_prior,1024,1024,1,703,0.6865234375,0.6845639601747561,0.7724039829302988,0.0878400227555427,noiseless_ST2_k2,0.7845829417302326,0.012178958799933803,baseline_ST2_k2_raw_vs_noiseless_ST2_k2,0.07950481673023257,0.023954440135592565,1469,1.7202285410021432,0.0006,0.003,0.01,31,90,15,,,,,,0.8468148308390148,0.8468148308390148,True,ready
MPF23_raw,Z0,0.9912671465636668,0.6758311067384228,0.8687499999999999,0.43046874999999996,MPF,"2,3",heron_prior,1024,2048,2,2048,1.0,0.6845639601747561,0.48359374999999993,0.20097021017475614,exact_dynamics,0.6845639601747561,0.20097021017475614,baseline_ST2_k3_raw_control_vs_exact,0.10253271017475607,0.04905602940939789,12322,1.7202285410021432,0.0006,0.003,0.01,43,216,21,6161.0,-0.8,1.8,0.705078125,0.58203125,-0.9600594759684382,-0.9600594759684382,False,fair-baseline relative improvement -0.960 < 0.100
baseline_ST2_k2_raw,Z0,0.9912671465636668,0.6758311067384228,0.88720703125,0.64697265625,none,2,heron_prior,4096,4096,1,4096,1.0,0.6845639601747561,0.72265625,0.03809228982524393,exact_dynamics,0.6845639601747561,0.03809228982524393,self,0.03809228982524393,0.010800118727826144,1195,6.095178540999768,0.0006,0.003,0.01,31,90,15,,,,,,0.0,0.0,False,baseline/control
baseline_ST2_k3_raw_control,Z0,0.9912671465636668,0.6758311067384228,0.87109375,0.546875,none_control,3,heron_prior,4096,4096,1,4096,1.0,0.6845639601747561,0.623046875,0.06151708517475607,exact_dynamics,0.6845639601747561,0.06151708517475607,self,0.06151708517475607,0.012221632807630669,1530,6.095178540999768,0.0006,0.003,0.01,43,126,21,,,,,,0.0,0.0,False,baseline/control
postselection_ST2_k2_weight1,Z0,0.9912671465636668,0.6758311067384228,0.9752212389380531,0.7663716814159292,postselection,2,heron_prior,4096,4096,1,2825,0.689697265625,0.6845639601747561,0.7911504424778761,0.10658648230312007,noiseless_ST2_k2,0.7845829417302326,0.006567500747643562,baseline_ST2_k2_raw_vs_noiseless_ST2_k2,0.061926691730232575,0.011507303988584175,1356,6.095178540999768,0.0006,0.003,0.01,31,90,15,,,,,,0.8939471726302907,0.8939471726302907,True,ready
MPF23_raw,Z0,0.9912671465636668,0.6758311067384228,0.8582031250000001,0.466796875,MPF,"2,3",heron_prior,4096,8192,2,8192,1.0,0.6845639601747561,0.5433593750000001,0.14120458517475598,exact_dynamics,0.6845639601747561,0.14120458517475598,baseline_ST2_k3_raw_control_vs_exact,0.06151708517475607,0.0236348167074011,11442,6.095178540999768,0.0006,0.003,0.01,43,216,21,5721.0,-0.8,1.8,0.72265625,0.623046875,-1.2953718430193144,-1.2953718430193144,False,fair-baseline relative improvement -1.295 < 0.100
baseline_ST2_k2_raw,Z0,0.9912671465636668,0.6758311067384228,0.916748046875,0.6669921875,none,2,heron_prior,8192,8192,1,8192,1.0,0.6845639601747561,0.724853515625,0.04028955545024393,exact_dynamics,0.6845639601747561,0.04028955545024393,self,0.04028955545024393,0.007611375033022618,1187,7.915797499998007,0.0006,0.003,0.01,31,90,15,,,,,,0.0,0.0,False,baseline/control
baseline_ST2_k3_raw_control,Z0,0.9912671465636668,0.6758311067384228,0.88427734375,0.591552734375,none_control,3,heron_prior,8192,8192,1,8192,1.0,0.6845639601747561,0.656005859375,0.02855810079975607,exact_dynamics,0.6845639601747561,0.02855810079975607,self,0.02855810079975607,0.008338952217172233,1425,7.915797499998007,0.0006,0.003,0.01,43,126,21,,,,,,0.0,0.0,False,baseline/control
postselection_ST2_k2_weight1,Z0,0.9912671465636668,0.6758311067384228,0.9888307155322862,0.7636998254799302,postselection,2,heron_prior,8192,8192,1,5730,0.699462890625,0.6845639601747561,0.774869109947644,0.09030514977288795,noiseless_ST2_k2,0.7845829417302326,0.009713831782588556,baseline_ST2_k2_raw_vs_noiseless_ST2_k2,0.059729426105232575,0.008350709936785772,1429,7.915797499998007,0.0006,0.003,0.01,31,90,15,,,,,,0.8373694104230213,0.8373694104230213,True,ready
MPF23_raw,Z0,0.9912671465636668,0.6758311067384228,0.8583007812500001,0.5312011718750002,MPF,"2,3",heron_prior,8192,16384,2,16384,1.0,0.6845639601747561,0.600927734375,0.08363622579975605,exact_dynamics,0.6845639601747561,0.08363622579975605,baseline_ST2_k3_raw_control_vs_exact,0.02855810079975607,0.016198168450532843,10748,7.915797499998007,0.0006,0.003,0.01,43,216,21,5374.0,-0.8,1.8,0.724853515625,0.656005859375,-1.9286340287891424,-1.9286340287891424,False,fair-baseline relative improvement -1.929 < 0.100
baseline_ST2_k2_raw,Z0,0.9912671465636668,0.6758311067384228,0.80078125,0.513671875,none,2,high,1024,1024,1,1024,1.0,0.6845639601747561,0.638671875,0.04589208517475607,exact_dynamics,0.6845639601747561,0.04589208517475607,self,0.04589208517475607,0.024046224936063582,1481,1.5998170830134768,0.001,0.006,0.02,31,90,15,,,,,,0.0,0.0,False,baseline/control
baseline_ST2_k3_raw_control,Z0,0.9912671465636668,0.6758311067384228,0.787109375,0.431640625,none_control,3,high,1024,1024,1,1024,1.0,0.6845639601747561,0.546875,0.13768896017475607,exact_dynamics,0.6845639601747561,0.13768896017475607,self,0.13768896017475607,0.026162945946521122,1753,1.5998170830134768,0.001,0.006,0.02,43,126,21,,,,,,0.0,0.0,False,baseline/control
postselection_ST2_k2_weight1,Z0,0.9912671465636668,0.6758311067384228,0.9533898305084746,0.7033898305084746,postselection,2,high,1024,1024,1,472,0.4609375,0.6845639601747561,0.75,0.06543603982524393,noiseless_ST2_k2,0.7845829417302326,0.034582941730232575,baseline_ST2_k2_raw_vs_noiseless_ST2_k2,0.14591106673023257,0.03044514377796592,2373,1.5998170830134768,0.001,0.006,0.02,31,90,15,,,,,,0.7629861633855971,0.7629861633855971,True,ready
MPF23_raw,Z0,0.9912671465636668,0.6758311067384228,0.776171875,0.366015625,MPF,"2,3",high,1024,2048,2,2048,1.0,0.6845639601747561,0.47343749999999996,0.21112646017475611,exact_dynamics,0.6845639601747561,0.21112646017475611,baseline_ST2_k3_raw_control_vs_exact,0.13768896017475607,0.05087082225695186,13250,1.5998170830134768,0.001,0.006,0.02,43,216,21,6625.0,-0.8,1.8,0.638671875,0.546875,-0.5333579388412296,-0.5333579388412296,False,fair-baseline relative improvement -0.533 < 0.100
baseline_ST2_k2_raw,Z0,0.9912671465636668,0.6758311067384228,0.81005859375,0.55322265625,none,2,high,4096,4096,1,4096,1.0,0.6845639601747561,0.6640625,0.02050146017475607,exact_dynamics,0.6845639601747561,0.02050146017475607,self,0.02050146017475607,0.011682454167444898,1398,6.13222324999515,0.001,0.006,0.02,31,90,15,,,,,,0.0,0.0,False,baseline/control
baseline_ST2_k3_raw_control,Z0,0.9912671465636668,0.6758311067384228,0.7744140625,0.4345703125,none_control,3,high,4096,4096,1,4096,1.0,0.6845639601747561,0.5546875,0.12987646017475607,exact_dynamics,0.6845639601747561,0.12987646017475607,self,0.12987646017475607,0.013000918099188763,1731,6.13222324999515,0.001,0.006,0.02,43,126,21,,,,,,0.0,0.0,False,baseline/control
postselection_ST2_k2_weight1,Z0,0.9912671465636668,0.6758311067384228,0.9714285714285714,0.7477832512315271,postselection,2,high,4096,4096,1,2030,0.49560546875,0.6845639601747561,0.7763546798029557,0.09179071962819962,noiseless_ST2_k2,0.7845829417302326,0.008228261927276881,baseline_ST2_k2_raw_vs_noiseless_ST2_k2,0.12052044173023257,0.013989324063644396,2004,6.13222324999515,0.001,0.006,0.02,31,90,15,,,,,,0.9317272505049836,0.9317272505049836,True,ready
MPF23_raw,Z0,0.9912671465636668,0.6758311067384228,0.7458984375000001,0.33964843749999996,MPF,"2,3",high,4096,8192,2,8192,1.0,0.6845639601747561,0.4671875,0.2173764601747561,exact_dynamics,0.6845639601747561,0.2173764601747561,baseline_ST2_k3_raw_control_vs_exact,0.12987646017475607,0.025198896286272653,13006,6.13222324999515,0.001,0.006,0.02,43,216,21,6503.0,-0.8,1.8,0.6640625,0.5546875,-0.6737171607715814,-0.6737171607715814,False,fair-baseline relative improvement -0.674 < 0.100
baseline_ST2_k2_raw,Z0,0.9912671465636668,0.6758311067384228,0.840576171875,0.57666015625,none,2,high,8192,8192,1,8192,1.0,0.6845639601747561,0.675537109375,0.00902685079975607,exact_dynamics,0.6845639601747561,0.00902685079975607,self,0.00902685079975607,0.008146378229253856,1360,7.9772210830124095,0.001,0.006,0.02,31,90,15,,,,,,0.0,0.0,False,baseline/control
baseline_ST2_k3_raw_control,Z0,0.9912671465636668,0.6758311067384228,0.7919921875,0.4873046875,none_control,3,high,8192,8192,1,8192,1.0,0.6845639601747561,0.59521484375,0.08934911642475607,exact_dynamics,0.6845639601747561,0.08934911642475607,self,0.08934911642475607,0.008878240562785035,1615,7.9772210830124095,0.001,0.006,0.02,43,126,21,,,,,,0.0,0.0,False,baseline/control
postselection_ST2_k2_weight1,Z0,0.9912671465636668,0.6758311067384228,0.9762018086625417,0.7563065207044265,postselection,2,high,8192,8192,1,4202,0.512939453125,0.6845639601747561,0.7801047120418848,0.09554075186712874,noiseless_ST2_k2,0.7845829417302326,0.004478229688347768,baseline_ST2_k2_raw_vs_noiseless_ST2_k2,0.10904583235523257,0.00965167550923989,1908,7.9772210830124095,0.001,0.006,0.02,31,90,15,,,,,,0.9589325919971037,0.9589325919971037,True,ready
MPF23_raw,Z0,0.9912671465636668,0.6758311067384228,0.7531249999999999,0.4158203125,MPF,"2,3",high,8192,16384,2,16384,1.0,0.6845639601747561,0.5309570312500002,0.15360692892475591,exact_dynamics,0.6845639601747561,0.15360692892475591,baseline_ST2_k3_raw_control_vs_exact,0.08934911642475607,0.01725861089057886,12202,7.9772210830124095,0.001,0.006,0.02,43,216,21,6101.0,-0.8,1.8,0.675537109375,0.59521484375,-0.7191768097014539,-0.7191768097014539,False,fair-baseline relative improvement -0.719 < 0.100
